Dataset,Gamma,Eta,Mu,Mu_CI_lower,Mu_CI_upper,Sigma,Sigma_CI_lower,Sigma_CI_upper,Beta,Beta_CI_lower,Beta_CI_upper,Effective_Decorr_Time,Lag1_ACF,Lag1_ACF_CI_lower,Lag1_ACF_CI_upper
AZPS,11.269588,16.873035,-0.12015645,-1.4676189720630646,1.4853617280721663,8.511751,7.7964667797088625,9.463825726509095,0.055711478,-0.12652582600712775,0.268367426097393,25,0.87921697,0.8553988873958588,0.8986910879611969
ERCO,10.201649,19.161713,7.6541233,-9.177864003181458,24.633912992477413,115.280365,107.08636093139648,130.4242156982422,0.3879963,0.1514992520213127,0.8136105388402939,18,0.84414005,0.8251704573631287,0.8619299858808518
CISO,10.160421,16.447147,-0.593257,-6.16642838716507,7.672576224803923,42.929398,39.878689765930176,47.71975622177124,0.092625365,-0.08248815760016441,0.30526359826326366,21,0.8602707,0.8351803451776505,0.8810045570135117
NYIS,10.077976,19.922134,-0.17133787,-3.687450748682022,7.066461455821989,35.2625,33.823889541625974,39.7596978187561,0.24401528,0.041245714761316776,0.5040131956338882,17,0.837383,0.8230265572667121,0.8531091511249542
PJM,10.091261,19.904388,0.9935042,-16.293088912963867,38.156976699829094,185.37404,177.82777214050293,212.51091346740722,0.34025854,0.14496350288391113,0.6395348638296128,17,0.83985,0.8237144351005554,0.8562799364328384
MISO,10.401148,19.70435,0.9395507,-14.095053720474242,22.081859445571894,115.77469,111.18703899383544,132.36526985168456,0.24935493,0.08773134909570217,0.4886531114578247,18,0.84812367,0.8265450760722161,0.8674956783652306
FPL,10.086628,19.910763,-2.785188,-6.968959391117096,3.838883775472639,35.957962,34.452644157409665,40.35978899002075,-0.18808189,-0.44630375802516936,0.04818679299205534,17,0.8389395,0.8234476864337921,0.855377297103405
DUK,10.028734,19.980919,0.37117147,-2.775679689645767,6.306621599197387,32.147697,30.45958456993103,35.91039047241211,0.4221481,0.17888770885765554,0.7887097254395484,17,0.82777584,0.8206255838274956,0.8400620743632317
BPAT,10.636152,18.6029,0.60586613,-1.1288264691829681,2.522880655527114,11.765723,10.450171279907227,13.315780210494994,0.54086876,0.25814016312360766,0.8565385133028031,20,0.8569889,0.8329327583312989,0.8769055142998695
